id,firstName,lastName,email,gender,country,profession
1,Norine,Norrie,Norine.Norrie@yopmail.com,female,United Kingdom,firefighter
2,Kara-Lynn,Elvyn,Kara-Lynn.Elvyn@yopmail.com,female,Congo,firefighter
3,Quintina,Maiah,Quintina.Maiah@yopmail.com,male,Mauritius,doctor
4,Daphne,Evvie,Daphne.Evvie@yopmail.com,female,Wallis and Futuna,worker
5,Dyann,Macey,Dyann.Macey@yopmail.com,male,Western Sahara,firefighter
6,Kirstin,Edee,Kirstin.Edee@yopmail.com,female,Sao Tome and Principe,police officer
7,Maurene,Norrie,Maurene.Norrie@yopmail.com,female,Norfolk Island,worker
8,Ruthe,Erskine,Ruthe.Erskine@yopmail.com,male,Brunei Darussalam,firefighter
9,Gianina,Carey,Gianina.Carey@yopmail.com,male,Czech Republic,police officer
10,Celisse,Wesle,Celisse.Wesle@yopmail.com,female,Bahrain,worker
11,Lauryn,Hertzfeld,Lauryn.Hertzfeld@yopmail.com,female,Guadeloupe,developer
12,Dode,Granoff,Dode.Granoff@yopmail.com,male,Norfolk Island,doctor
13,Gertrud,McClimans,Gertrud.McClimans@yopmail.com,male,Uruguay,police officer
14,Kenna,Corilla,Kenna.Corilla@yopmail.com,male,Guernsey,doctor
15,Lisette,Darrell,Lisette.Darrell@yopmail.com,female,Afghanistan,doctor
16,Madalyn,Andrel,Madalyn.Andrel@yopmail.com,female,Turkmenistan,developer
17,Nyssa,Donell,Nyssa.Donell@yopmail.com,male,Malta,worker
18,Cissiee,Sammons,Cissiee.Sammons@yopmail.com,male,Singapore,firefighter
19,Britte,Bow,Britte.Bow@yopmail.com,male,Angola,developer
20,Veda,Dex,Veda.Dex@yopmail.com,female,American Samoa,worker
21,Imojean,Hashim,Imojean.Hashim@yopmail.com,male,Guatemala,firefighter
22,Rivalee,Byrne,Rivalee.Byrne@yopmail.com,male,Bahrain,developer
23,Gabriellia,Phyllis,Gabriellia.Phyllis@yopmail.com,male,Grenada,firefighter
24,Ana,Waite,Ana.Waite@yopmail.com,male,"Korea, Democratic People""S Republic of",police officer
25,Gilligan,Callista,Gilligan.Callista@yopmail.com,female,Kiribati,worker
26,Ana,Skurnik,Ana.Skurnik@yopmail.com,male,"Tanzania, United Republic of",doctor
27,Sarette,Thornburg,Sarette.Thornburg@yopmail.com,male,Sudan,developer
28,Corly,Willie,Corly.Willie@yopmail.com,male,Niger,firefighter
29,Damaris,Bryna,Damaris.Bryna@yopmail.com,male,Nigeria,developer
30,Edee,Gombach,Edee.Gombach@yopmail.com,male,India,doctor
31,Chandra,Yoko,Chandra.Yoko@yopmail.com,male,Greenland,developer
32,Jinny,Kevon,Jinny.Kevon@yopmail.com,female,Hong Kong,developer
33,Ulrike,Callista,Ulrike.Callista@yopmail.com,female,Yemen,developer
34,Sean,Orelee,Sean.Orelee@yopmail.com,male,Greenland,firefighter
35,Tamqrah,Wolfgram,Tamqrah.Wolfgram@yopmail.com,male,Belgium,firefighter
36,Ardenia,Lumbard,Ardenia.Lumbard@yopmail.com,male,Brunei Darussalam,firefighter
37,Charissa,Center,Charissa.Center@yopmail.com,male,Nauru,police officer
38,Vere,Kare,Vere.Kare@yopmail.com,male,"Lao People""S Democratic Republic",doctor
39,Dolli,Mehalek,Dolli.Mehalek@yopmail.com,male,"Iran, Islamic Republic Of",police officer
40,Dorthy,Gavrila,Dorthy.Gavrila@yopmail.com,female,Norway,police officer
41,Dotty,Lissi,Dotty.Lissi@yopmail.com,female,Western Sahara,doctor
42,Dulcinea,Fink,Dulcinea.Fink@yopmail.com,male,Azerbaijan,developer
43,Damaris,Morrill,Damaris.Morrill@yopmail.com,female,Ireland,firefighter
44,Vita,Anyah,Vita.Anyah@yopmail.com,male,Sierra Leone,doctor
45,Myriam,Corilla,Myriam.Corilla@yopmail.com,female,Guatemala,doctor
46,Chrystel,Septima,Chrystel.Septima@yopmail.com,female,Denmark,firefighter
47,Drucie,Schwejda,Drucie.Schwejda@yopmail.com,female,Morocco,developer
48,Morganica,Stevy,Morganica.Stevy@yopmail.com,female,Zimbabwe,police officer
49,Clo,Hazlett,Clo.Hazlett@yopmail.com,male,Malaysia,firefighter
50,Patricia,Minetta,Patricia.Minetta@yopmail.com,male,Gibraltar,doctor
51,Jennica,Vale,Jennica.Vale@yopmail.com,male,Azerbaijan,firefighter
52,Pearline,Bendick,Pearline.Bendick@yopmail.com,male,Nepal,developer
53,Frances,Urania,Frances.Urania@yopmail.com,male,Antarctica,worker
54,Linzy,Grosz,Linzy.Grosz@yopmail.com,female,Turks and Caicos Islands,worker
55,Yolane,Kronfeld,Yolane.Kronfeld@yopmail.com,female,San Marino,doctor
56,Alleen,Leonard,Alleen.Leonard@yopmail.com,female,Italy,firefighter
57,Mureil,Juliet,Mureil.Juliet@yopmail.com,female,Liberia,developer
58,Marcelline,Solitta,Marcelline.Solitta@yopmail.com,female,Iraq,worker
59,Berget,Argus,Berget.Argus@yopmail.com,female,Djibouti,worker
60,Eadie,Goode,Eadie.Goode@yopmail.com,male,Saudi Arabia,worker
61,Raf,Chem,Raf.Chem@yopmail.com,male,Chile,developer
62,Fidelia,Alejoa,Fidelia.Alejoa@yopmail.com,male,Niger,developer
63,Lita,McLaughlin,Lita.McLaughlin@yopmail.com,female,"Lao People""S Democratic Republic",worker
64,Jinny,Baptlsta,Jinny.Baptlsta@yopmail.com,female,Tonga,worker
65,Jobi,Arley,Jobi.Arley@yopmail.com,female,Lesotho,police officer
66,Consuela,Stoller,Consuela.Stoller@yopmail.com,female,India,firefighter
67,Nataline,Masao,Nataline.Masao@yopmail.com,male,Martinique,worker
68,Paulita,Yuille,Paulita.Yuille@yopmail.com,female,Syrian Arab Republic,doctor
69,Abbie,Monk,Abbie.Monk@yopmail.com,male,French Polynesia,worker
70,Sarette,Firmin,Sarette.Firmin@yopmail.com,female,Lithuania,police officer
71,Gilligan,Lenny,Gilligan.Lenny@yopmail.com,male,Lebanon,developer
72,Carree,Hamil,Carree.Hamil@yopmail.com,male,Nigeria,doctor
73,Chere,Hedve,Chere.Hedve@yopmail.com,female,Philippines,police officer
74,Mildrid,Kesley,Mildrid.Kesley@yopmail.com,female,Yemen,doctor
75,Nyssa,McLaughlin,Nyssa.McLaughlin@yopmail.com,female,"Palestinian Territory, Occupied",worker
76,Dione,Zitvaa,Dione.Zitvaa@yopmail.com,male,Bouvet Island,developer
77,Jobi,Hachmin,Jobi.Hachmin@yopmail.com,female,Faroe Islands,police officer
78,Lyssa,Lia,Lyssa.Lia@yopmail.com,male,Bahamas,police officer
79,Mary,Modie,Mary.Modie@yopmail.com,female,Ethiopia,police officer
80,Deedee,Solitta,Deedee.Solitta@yopmail.com,female,Saint Helena,firefighter
81,Lynnea,Bandeen,Lynnea.Bandeen@yopmail.com,male,Singapore,developer
82,Mara,Junie,Mara.Junie@yopmail.com,male,Trinidad and Tobago,firefighter
83,Ingrid,Scammon,Ingrid.Scammon@yopmail.com,male,Suriname,doctor
84,Annecorinne,Meli,Annecorinne.Meli@yopmail.com,female,Ethiopia,developer
85,Mariele,Ovid,Mariele.Ovid@yopmail.com,female,Uruguay,developer
86,Genevra,Amand,Genevra.Amand@yopmail.com,female,Antarctica,doctor
87,Wanda,Longfellow,Wanda.Longfellow@yopmail.com,male,Nepal,worker
88,Beatriz,Burnside,Beatriz.Burnside@yopmail.com,male,Fiji,worker
89,Kamilah,Ledah,Kamilah.Ledah@yopmail.com,female,Swaziland,doctor
90,Heddie,Thunell,Heddie.Thunell@yopmail.com,male,Mexico,firefighter
91,Calla,Cecile,Calla.Cecile@yopmail.com,female,Colombia,worker
92,Cherrita,Tristram,Cherrita.Tristram@yopmail.com,female,Malawi,doctor
93,Norine,Leifeste,Norine.Leifeste@yopmail.com,male,China,worker
94,Yolane,Dituri,Yolane.Dituri@yopmail.com,female,Philippines,police officer
95,Tani,Berard,Tani.Berard@yopmail.com,male,Kiribati,police officer
96,Alie,Claudine,Alie.Claudine@yopmail.com,female,Hungary,police officer
97,Stevana,Fleeta,Stevana.Fleeta@yopmail.com,male,Brunei Darussalam,doctor
98,Malina,Skell,Malina.Skell@yopmail.com,female,"Korea, Democratic People""S Republic of",worker
99,Charlena,Oscar,Charlena.Oscar@yopmail.com,male,Bermuda,doctor
100,Cherilyn,Kinnard,Cherilyn.Kinnard@yopmail.com,male,Zambia,worker
101,Eugine,O'Neill,Eugine.O'Neill@yopmail.com,female,Benin,worker
102,Kenna,Peg,Kenna.Peg@yopmail.com,male,Romania,worker
103,Carree,Richers,Carree.Richers@yopmail.com,male,Panama,developer
104,Gianina,Tyson,Gianina.Tyson@yopmail.com,female,"Tanzania, United Republic of",worker
105,Nicoli,Abram,Nicoli.Abram@yopmail.com,female,Burkina Faso,developer
106,Hallie,Gaynor,Hallie.Gaynor@yopmail.com,female,Timor-Leste,worker
107,Peri,Henebry,Peri.Henebry@yopmail.com,female,Lebanon,doctor
108,Regina,Atcliffe,Regina.Atcliffe@yopmail.com,female,Viet Nam,doctor
109,Kerrin,Moseley,Kerrin.Moseley@yopmail.com,female,Chad,worker
110,Josephine,Himelman,Josephine.Himelman@yopmail.com,male,"Iran, Islamic Republic Of",firefighter
111,Lynde,Deegan,Lynde.Deegan@yopmail.com,female,United States Minor Outlying Islands,doctor
112,Flory,Redmond,Flory.Redmond@yopmail.com,female,Germany,firefighter
113,Marguerite,Cordi,Marguerite.Cordi@yopmail.com,female,Yemen,police officer
114,Jobi,Elisha,Jobi.Elisha@yopmail.com,male,Croatia,police officer
115,Chickie,McLaughlin,Chickie.McLaughlin@yopmail.com,male,Canada,firefighter
116,Lolita,Callista,Lolita.Callista@yopmail.com,male,Norfolk Island,police officer
117,Priscilla,Yam,Priscilla.Yam@yopmail.com,male,Uzbekistan,developer
118,Konstance,Aldric,Konstance.Aldric@yopmail.com,female,Fiji,firefighter
119,Wynne,Edvard,Wynne.Edvard@yopmail.com,male,"Virgin Islands, British",developer
120,Sarette,Thornburg,Sarette.Thornburg@yopmail.com,male,French Southern Territories,worker
121,Elyssa,Iphlgenia,Elyssa.Iphlgenia@yopmail.com,female,Samoa,developer
122,Merrie,Edee,Merrie.Edee@yopmail.com,male,Greenland,doctor
123,Angelique,Taam,Angelique.Taam@yopmail.com,female,Venezuela,firefighter
124,Valera,Goldina,Valera.Goldina@yopmail.com,female,Gabon,worker
125,Carly,Jillane,Carly.Jillane@yopmail.com,female,Australia,firefighter
126,Helsa,Arley,Helsa.Arley@yopmail.com,male,Papua New Guinea,developer
127,Alleen,Malanie,Alleen.Malanie@yopmail.com,male,Bahrain,developer
128,Rhoda,Argus,Rhoda.Argus@yopmail.com,male,Brazil,developer
129,Berget,Karna,Berget.Karna@yopmail.com,female,Thailand,developer
130,Tonia,Durware,Tonia.Durware@yopmail.com,male,Lithuania,police officer
131,Ayn,Mintz,Ayn.Mintz@yopmail.com,female,Mauritania,worker
132,Sallie,Lytton,Sallie.Lytton@yopmail.com,male,Burundi,doctor
133,Marita,Noelyn,Marita.Noelyn@yopmail.com,male,Libyan Arab Jamahiriya,developer
134,Noelle,Raimondo,Noelle.Raimondo@yopmail.com,female,"Korea, Republic of",police officer
135,Veda,Bouchard,Veda.Bouchard@yopmail.com,female,Nepal,worker
136,Gusella,Joli,Gusella.Joli@yopmail.com,male,New Caledonia,police officer
137,Dorthy,Suk,Dorthy.Suk@yopmail.com,female,Aruba,worker
138,Thalia,Bivins,Thalia.Bivins@yopmail.com,female,Ukraine,developer
139,Mady,Barbey,Mady.Barbey@yopmail.com,male,Nauru,doctor
140,Catrina,Khorma,Catrina.Khorma@yopmail.com,female,"Korea, Democratic People""S Republic of",police officer
141,Dawn,Alwin,Dawn.Alwin@yopmail.com,male,Kenya,doctor
142,Beth,Gillan,Beth.Gillan@yopmail.com,female,Togo,worker
143,Florencia,Schlosser,Florencia.Schlosser@yopmail.com,male,Timor-Leste,doctor
144,Tera,Ashely,Tera.Ashely@yopmail.com,female,United States,doctor
145,Dorothy,Dowski,Dorothy.Dowski@yopmail.com,female,Cook Islands,firefighter
146,Wanda,Adrienne,Wanda.Adrienne@yopmail.com,male,"Iran, Islamic Republic Of",developer
147,Cindelyn,Konyn,Cindelyn.Konyn@yopmail.com,male,India,doctor
148,Alameda,Wu,Alameda.Wu@yopmail.com,female,Anguilla,firefighter
149,Talya,Brittani,Talya.Brittani@yopmail.com,male,Antigua and Barbuda,developer
150,Alyssa,Wind,Alyssa.Wind@yopmail.com,male,Namibia,doctor
151,Neila,Barrus,Neila.Barrus@yopmail.com,male,Martinique,worker
152,Alyssa,Merna,Alyssa.Merna@yopmail.com,female,Nauru,worker
153,Robinia,Leifeste,Robinia.Leifeste@yopmail.com,female,Nepal,developer
154,Christy,Greyson,Christy.Greyson@yopmail.com,male,Niue,developer
155,Arabel,Schroth,Arabel.Schroth@yopmail.com,female,United Kingdom,doctor
156,Eadie,Slifka,Eadie.Slifka@yopmail.com,male,Dominican Republic,doctor
157,Eolanda,Stover,Eolanda.Stover@yopmail.com,male,Kenya,worker
158,Dulce,Mintz,Dulce.Mintz@yopmail.com,male,Sri Lanka,doctor
159,Hollie,Shuler,Hollie.Shuler@yopmail.com,male,Kuwait,firefighter
160,Orsola,Othilia,Orsola.Othilia@yopmail.com,female,Malawi,developer
161,Deedee,Malvino,Deedee.Malvino@yopmail.com,female,Romania,worker
162,Jacquetta,Angelis,Jacquetta.Angelis@yopmail.com,male,Papua New Guinea,firefighter
163,Tilly,Fennessy,Tilly.Fennessy@yopmail.com,female,Estonia,firefighter
164,Renie,Martguerita,Renie.Martguerita@yopmail.com,female,Grenada,worker
165,Brandise,Eachern,Brandise.Eachern@yopmail.com,male,Suriname,developer
166,Marita,Redmond,Marita.Redmond@yopmail.com,female,Cook Islands,developer
167,Sindee,Sasnett,Sindee.Sasnett@yopmail.com,female,Kiribati,police officer
168,Genevra,Amethist,Genevra.Amethist@yopmail.com,male,"Micronesia, Federated States of",worker
169,Elbertina,Sinegold,Elbertina.Sinegold@yopmail.com,female,Åland Islands,worker
170,Emilia,Gilmour,Emilia.Gilmour@yopmail.com,female,Bosnia and Herzegovina,developer
171,Ilse,Stuart,Ilse.Stuart@yopmail.com,male,Samoa,developer
172,Antonietta,Pernick,Antonietta.Pernick@yopmail.com,male,Kyrgyzstan,developer
173,Stevana,Carmena,Stevana.Carmena@yopmail.com,female,Morocco,police officer
174,Marcelline,Lea,Marcelline.Lea@yopmail.com,female,Peru,developer
175,Marline,Abram,Marline.Abram@yopmail.com,male,Netherlands,doctor
176,Fawne,Eldrid,Fawne.Eldrid@yopmail.com,female,French Southern Territories,developer
177,Blondelle,Dreda,Blondelle.Dreda@yopmail.com,female,South Georgia and the South Sandwich Islands,police officer
178,Patricia,Saree,Patricia.Saree@yopmail.com,female,Liechtenstein,worker
179,Abbie,Pattin,Abbie.Pattin@yopmail.com,male,Belize,firefighter
180,Harmonia,Agle,Harmonia.Agle@yopmail.com,male,Turkey,worker
181,Joane,Charity,Joane.Charity@yopmail.com,female,Bulgaria,firefighter
182,Ottilie,Norvol,Ottilie.Norvol@yopmail.com,female,"Korea, Democratic People""S Republic of",developer
183,Sheelagh,Arvo,Sheelagh.Arvo@yopmail.com,male,Montserrat,police officer
184,Dyann,Fiester,Dyann.Fiester@yopmail.com,male,Australia,firefighter
185,Eve,Ciro,Eve.Ciro@yopmail.com,female,Wallis and Futuna,developer
186,Tatiania,Briney,Tatiania.Briney@yopmail.com,male,Ukraine,worker
187,Elsie,Carleen,Elsie.Carleen@yopmail.com,male,"Virgin Islands, British",worker
188,Elmira,Garlinda,Elmira.Garlinda@yopmail.com,female,Bhutan,police officer
189,Leona,Morrill,Leona.Morrill@yopmail.com,female,"Macedonia, The Former Yugoslav Republic of",doctor
190,Gale,Moseley,Gale.Moseley@yopmail.com,male,Uzbekistan,police officer
191,Ingrid,Lindemann,Ingrid.Lindemann@yopmail.com,female,Christmas Island,developer
192,Ardenia,Harday,Ardenia.Harday@yopmail.com,male,Brunei Darussalam,worker
193,Sindee,Alrich,Sindee.Alrich@yopmail.com,female,Latvia,firefighter
194,Betta,Gaulin,Betta.Gaulin@yopmail.com,male,Myanmar,doctor
195,Leona,Marcellus,Leona.Marcellus@yopmail.com,female,Guernsey,police officer
196,Kristan,Tjon,Kristan.Tjon@yopmail.com,male,Martinique,police officer
197,Carmela,Kendrick,Carmela.Kendrick@yopmail.com,female,Saint Helena,police officer
198,Dale,Destinee,Dale.Destinee@yopmail.com,female,Syrian Arab Republic,firefighter
199,Cyb,Malvino,Cyb.Malvino@yopmail.com,female,Central African Republic,doctor
200,Anica,Wallis,Anica.Wallis@yopmail.com,male,Cape Verde,police officer
201,Maridel,Dosia,Maridel.Dosia@yopmail.com,male,Western Sahara,doctor
202,Hyacinthe,Horan,Hyacinthe.Horan@yopmail.com,male,Anguilla,worker
203,Valeda,Read,Valeda.Read@yopmail.com,female,Equatorial Guinea,police officer
204,Karena,Carbo,Karena.Carbo@yopmail.com,male,Zambia,doctor
205,Ashlee,Han,Ashlee.Han@yopmail.com,female,"Iran, Islamic Republic Of",worker
206,Tilly,Gualtiero,Tilly.Gualtiero@yopmail.com,male,Hong Kong,doctor
207,Roseline,Colp,Roseline.Colp@yopmail.com,male,Mozambique,doctor
208,Jsandye,Rugen,Jsandye.Rugen@yopmail.com,male,Cook Islands,developer
209,Anallese,Dimitris,Anallese.Dimitris@yopmail.com,female,Reunion,police officer
210,Heddie,Alice,Heddie.Alice@yopmail.com,male,Finland,doctor
211,Valera,Iaverne,Valera.Iaverne@yopmail.com,female,"Korea, Republic of",firefighter
212,Mireielle,Longfellow,Mireielle.Longfellow@yopmail.com,female,"Virgin Islands, British",police officer
213,Adore,Radu,Adore.Radu@yopmail.com,male,"Korea, Republic of",developer
214,Emilia,Rese,Emilia.Rese@yopmail.com,female,Viet Nam,doctor
215,Elmira,Thar,Elmira.Thar@yopmail.com,female,Venezuela,developer
216,Maurene,Martsen,Maurene.Martsen@yopmail.com,female,Comoros,developer
217,Clo,Morehouse,Clo.Morehouse@yopmail.com,female,Serbia and Montenegro,doctor
218,Kimberley,Stover,Kimberley.Stover@yopmail.com,male,Israel,developer
219,Lorne,Adrienne,Lorne.Adrienne@yopmail.com,female,Wallis and Futuna,worker
220,Cam,Catie,Cam.Catie@yopmail.com,female,Papua New Guinea,developer
221,Xylina,Terencio,Xylina.Terencio@yopmail.com,male,Brunei Darussalam,worker
222,Norine,Vins,Norine.Vins@yopmail.com,female,Dominican Republic,worker
223,Ayn,Loeb,Ayn.Loeb@yopmail.com,female,Montserrat,doctor
224,Codie,Ade,Codie.Ade@yopmail.com,female,Saint Vincent and the Grenadines,police officer
225,Consuela,Joseph,Consuela.Joseph@yopmail.com,male,"Taiwan, Province of China",developer
226,Shauna,Willie,Shauna.Willie@yopmail.com,female,"Lao People""S Democratic Republic",worker
227,Goldie,Wildermuth,Goldie.Wildermuth@yopmail.com,female,Spain,doctor
228,Pearline,Friede,Pearline.Friede@yopmail.com,male,Antarctica,developer
229,Sibella,Niccolo,Sibella.Niccolo@yopmail.com,male,"Virgin Islands, U.S.",developer
230,Dede,Suzetta,Dede.Suzetta@yopmail.com,female,Latvia,developer
231,Isa,Helve,Isa.Helve@yopmail.com,female,Burkina Faso,firefighter
232,Brianna,Gilbertson,Brianna.Gilbertson@yopmail.com,female,Austria,doctor
233,Lesly,Jorgan,Lesly.Jorgan@yopmail.com,male,Iraq,worker
234,Renae,Weitman,Renae.Weitman@yopmail.com,male,France,worker
235,Ulrike,Cutlerr,Ulrike.Cutlerr@yopmail.com,female,Jersey,worker
236,Kirbee,Rossner,Kirbee.Rossner@yopmail.com,male,Tonga,worker
237,Collen,Lilybelle,Collen.Lilybelle@yopmail.com,male,Kiribati,doctor
238,Gabriellia,Chaing,Gabriellia.Chaing@yopmail.com,female,Macao,firefighter
239,Cyndie,Goldina,Cyndie.Goldina@yopmail.com,female,Mauritania,doctor
240,Liana,Han,Liana.Han@yopmail.com,female,Lithuania,doctor
241,Roberta,Georas,Roberta.Georas@yopmail.com,male,Australia,doctor
242,Julieta,Zaslow,Julieta.Zaslow@yopmail.com,female,Central African Republic,firefighter
243,Jolyn,Magdalen,Jolyn.Magdalen@yopmail.com,male,Seychelles,police officer
244,Viki,Honoria,Viki.Honoria@yopmail.com,male,Honduras,firefighter
245,Feliza,Marcellus,Feliza.Marcellus@yopmail.com,female,South Africa,worker
246,Coral,Ledah,Coral.Ledah@yopmail.com,female,French Southern Territories,doctor
247,Mildrid,Pitt,Mildrid.Pitt@yopmail.com,female,Reunion,firefighter
248,Maud,Baylor,Maud.Baylor@yopmail.com,female,Gambia,firefighter
249,Cherrita,Viddah,Cherrita.Viddah@yopmail.com,male,Hong Kong,developer
250,Fanchon,Read,Fanchon.Read@yopmail.com,male,China,worker
251,Fanchon,Cordi,Fanchon.Cordi@yopmail.com,female,San Marino,doctor
252,Kamilah,Huggins,Kamilah.Huggins@yopmail.com,male,Belgium,doctor
253,Lenna,Yuille,Lenna.Yuille@yopmail.com,female,AndorrA,developer
254,Vere,Salvidor,Vere.Salvidor@yopmail.com,male,Colombia,worker
255,Tilly,Himelman,Tilly.Himelman@yopmail.com,female,Antarctica,firefighter
256,Stevana,Elsinore,Stevana.Elsinore@yopmail.com,female,El Salvador,developer
257,Jolyn,Pulsifer,Jolyn.Pulsifer@yopmail.com,male,South Georgia and the South Sandwich Islands,police officer
258,Reeba,Morrill,Reeba.Morrill@yopmail.com,female,"Macedonia, The Former Yugoslav Republic of",worker
259,Cristabel,Hanleigh,Cristabel.Hanleigh@yopmail.com,female,Comoros,firefighter
260,Marline,Harned,Marline.Harned@yopmail.com,male,Belize,firefighter
261,Marjie,Jorgan,Marjie.Jorgan@yopmail.com,male,Armenia,worker
262,Belva,Nerita,Belva.Nerita@yopmail.com,female,Ireland,worker
263,Fidelia,Prober,Fidelia.Prober@yopmail.com,male,Turkmenistan,firefighter
264,Dede,Cherianne,Dede.Cherianne@yopmail.com,female,Switzerland,police officer
265,Josephine,McAdams,Josephine.McAdams@yopmail.com,male,Monaco,developer
266,Fernande,Shields,Fernande.Shields@yopmail.com,female,Netherlands Antilles,police officer
267,Michaelina,Madelene,Michaelina.Madelene@yopmail.com,female,French Guiana,firefighter
268,Jillayne,Romelda,Jillayne.Romelda@yopmail.com,male,Zambia,firefighter
269,Dennie,Lea,Dennie.Lea@yopmail.com,female,Gabon,police officer
270,Jackie,Karna,Jackie.Karna@yopmail.com,female,Argentina,doctor
271,Christy,Longfellow,Christy.Longfellow@yopmail.com,female,Greece,developer
272,Katuscha,Yerkovich,Katuscha.Yerkovich@yopmail.com,female,"Virgin Islands, U.S.",worker
273,Micheline,Hieronymus,Micheline.Hieronymus@yopmail.com,male,Gambia,worker
274,Susan,Infield,Susan.Infield@yopmail.com,female,Antarctica,firefighter
275,Elka,Ioab,Elka.Ioab@yopmail.com,female,Latvia,police officer
276,Brandise,Estella,Brandise.Estella@yopmail.com,female,Papua New Guinea,police officer
277,Caryl,Halla,Caryl.Halla@yopmail.com,male,Somalia,police officer
278,Lonnie,Sothena,Lonnie.Sothena@yopmail.com,female,Western Sahara,firefighter
279,Mellicent,Roscoe,Mellicent.Roscoe@yopmail.com,male,Bangladesh,worker
280,Deedee,Judye,Deedee.Judye@yopmail.com,female,Uruguay,developer
281,Jany,Korey,Jany.Korey@yopmail.com,female,Puerto Rico,police officer
282,Nikki,Pulsifer,Nikki.Pulsifer@yopmail.com,male,New Zealand,developer
283,Pierette,Obed,Pierette.Obed@yopmail.com,female,China,firefighter
284,Nannie,Colyer,Nannie.Colyer@yopmail.com,female,Cook Islands,firefighter
285,Molli,Sekofski,Molli.Sekofski@yopmail.com,female,"Iran, Islamic Republic Of",developer
286,Mureil,Faust,Mureil.Faust@yopmail.com,male,Sao Tome and Principe,doctor
287,Vanessa,Fennessy,Vanessa.Fennessy@yopmail.com,male,Philippines,worker
288,Romona,Cleavland,Romona.Cleavland@yopmail.com,female,Tuvalu,police officer
289,Daryl,Kenwood,Daryl.Kenwood@yopmail.com,male,Bangladesh,police officer
290,Aurore,Zamora,Aurore.Zamora@yopmail.com,female,Niger,developer
291,Pollyanna,Zina,Pollyanna.Zina@yopmail.com,male,Trinidad and Tobago,worker
292,Myrtice,Thad,Myrtice.Thad@yopmail.com,female,Kiribati,firefighter
293,Berta,Jammal,Berta.Jammal@yopmail.com,female,Palau,developer
294,Tersina,Willie,Tersina.Willie@yopmail.com,female,Georgia,police officer
295,Aubrie,Fabiola,Aubrie.Fabiola@yopmail.com,male,Aruba,developer
296,Damaris,Mozelle,Damaris.Mozelle@yopmail.com,female,Lithuania,police officer
297,Jsandye,Mozelle,Jsandye.Mozelle@yopmail.com,male,Venezuela,doctor
298,Darlleen,Lauraine,Darlleen.Lauraine@yopmail.com,female,Albania,worker
299,Micheline,Jobi,Micheline.Jobi@yopmail.com,female,Hong Kong,police officer
300,Jobi,Waite,Jobi.Waite@yopmail.com,male,Paraguay,developer
301,Blake,Frendel,Blake.Frendel@yopmail.com,female,Sudan,worker
302,Carol-Jean,Cleo,Carol-Jean.Cleo@yopmail.com,female,Iraq,worker
303,Lynea,Autrey,Lynea.Autrey@yopmail.com,female,Cayman Islands,police officer
304,Alex,An,Alex.An@yopmail.com,male,Guyana,police officer
305,Olivette,Baylor,Olivette.Baylor@yopmail.com,female,India,doctor
306,Fanchon,Berard,Fanchon.Berard@yopmail.com,female,Morocco,worker
307,Janeczka,Strephon,Janeczka.Strephon@yopmail.com,female,Mongolia,firefighter
308,Max,Cleo,Max.Cleo@yopmail.com,male,Belarus,worker
309,Ardenia,McClimans,Ardenia.McClimans@yopmail.com,male,Comoros,doctor
310,Georgetta,Reinke,Georgetta.Reinke@yopmail.com,female,Swaziland,doctor
311,Sheelagh,Rurik,Sheelagh.Rurik@yopmail.com,female,Comoros,developer
312,Jessamyn,Pearse,Jessamyn.Pearse@yopmail.com,male,Japan,worker
313,Joceline,Fontana,Joceline.Fontana@yopmail.com,male,Guinea-Bissau,worker
314,Gilda,Tiffa,Gilda.Tiffa@yopmail.com,male,Mexico,doctor
315,Dyann,Lalitta,Dyann.Lalitta@yopmail.com,male,Saint Kitts and Nevis,firefighter
316,Yetty,Kiyoshi,Yetty.Kiyoshi@yopmail.com,male,Puerto Rico,doctor
317,Meghann,Cordi,Meghann.Cordi@yopmail.com,female,Kyrgyzstan,doctor
318,Keelia,Faro,Keelia.Faro@yopmail.com,female,Åland Islands,developer
319,Ada,Eben,Ada.Eben@yopmail.com,male,Nicaragua,firefighter
320,Charlena,Durware,Charlena.Durware@yopmail.com,female,Afghanistan,worker
321,Gertrud,Mitzi,Gertrud.Mitzi@yopmail.com,male,Lithuania,doctor
322,Esmeralda,Vins,Esmeralda.Vins@yopmail.com,male,Comoros,firefighter
323,Cindelyn,Adlare,Cindelyn.Adlare@yopmail.com,male,Turks and Caicos Islands,developer
324,Heida,Kaete,Heida.Kaete@yopmail.com,female,Gibraltar,doctor
325,Nananne,Garbe,Nananne.Garbe@yopmail.com,male,Syrian Arab Republic,doctor
326,Lenna,Nance,Lenna.Nance@yopmail.com,male,Tuvalu,developer
327,Agnese,Rad,Agnese.Rad@yopmail.com,male,Northern Mariana Islands,worker
328,Maye,Alexandr,Maye.Alexandr@yopmail.com,male,Marshall Islands,doctor
329,Roz,Cleo,Roz.Cleo@yopmail.com,male,Poland,worker
330,Valli,Grobe,Valli.Grobe@yopmail.com,male,Cameroon,worker
331,Adele,Ortrude,Adele.Ortrude@yopmail.com,female,Bulgaria,doctor
332,Trixi,Tyson,Trixi.Tyson@yopmail.com,female,Ethiopia,developer
333,Kathy,Audly,Kathy.Audly@yopmail.com,female,Somalia,worker
334,Arlina,Isidore,Arlina.Isidore@yopmail.com,male,Switzerland,doctor
335,Valera,Myrilla,Valera.Myrilla@yopmail.com,male,Greenland,developer
336,Berget,Klotz,Berget.Klotz@yopmail.com,male,Isle of Man,worker
337,Kirstin,Rese,Kirstin.Rese@yopmail.com,female,Panama,developer
338,Korrie,Tyson,Korrie.Tyson@yopmail.com,male,Lithuania,police officer
339,Fanchon,Rosemary,Fanchon.Rosemary@yopmail.com,male,Thailand,firefighter
340,Ketti,Garlinda,Ketti.Garlinda@yopmail.com,female,Palau,developer
341,Perry,Zeeba,Perry.Zeeba@yopmail.com,female,Bulgaria,firefighter
342,Corry,Pettiford,Corry.Pettiford@yopmail.com,female,Paraguay,developer
343,Blondelle,Toffic,Blondelle.Toffic@yopmail.com,male,Sierra Leone,worker
344,Shandie,Frendel,Shandie.Frendel@yopmail.com,female,Mongolia,doctor
345,Jennica,Bryna,Jennica.Bryna@yopmail.com,male,Ecuador,doctor
346,Linzy,Zina,Linzy.Zina@yopmail.com,male,Cocos (Keeling) Islands,developer
347,Courtnay,Weitman,Courtnay.Weitman@yopmail.com,female,Netherlands Antilles,doctor
348,Ada,Brotherson,Ada.Brotherson@yopmail.com,female,Cook Islands,developer
349,Gretal,Ventre,Gretal.Ventre@yopmail.com,male,Brazil,police officer
350,Florencia,Stuart,Florencia.Stuart@yopmail.com,male,Christmas Island,police officer
351,Susette,Hylan,Susette.Hylan@yopmail.com,male,Anguilla,firefighter
352,Orsola,Torray,Orsola.Torray@yopmail.com,female,Bangladesh,developer
353,Hallie,Maroney,Hallie.Maroney@yopmail.com,female,Jordan,firefighter
354,Perry,Adrienne,Perry.Adrienne@yopmail.com,male,"Palestinian Territory, Occupied",developer
355,Ketti,Phyllis,Ketti.Phyllis@yopmail.com,female,American Samoa,firefighter
356,Christian,Olnee,Christian.Olnee@yopmail.com,female,Hungary,firefighter
357,Frank,Hamil,Frank.Hamil@yopmail.com,male,Serbia and Montenegro,firefighter
358,Barbara,Toffic,Barbara.Toffic@yopmail.com,female,Brunei Darussalam,developer
359,Cristabel,Crudden,Cristabel.Crudden@yopmail.com,female,Oman,firefighter
360,Silvana,Magnolia,Silvana.Magnolia@yopmail.com,female,Algeria,police officer
361,Cristine,Haerr,Cristine.Haerr@yopmail.com,female,Mauritius,worker
362,Liana,Roarke,Liana.Roarke@yopmail.com,male,Sao Tome and Principe,worker
363,Candy,Granoff,Candy.Granoff@yopmail.com,female,"Taiwan, Province of China",worker
364,Kristan,Herrera,Kristan.Herrera@yopmail.com,female,Mali,developer
365,Kathy,Sasnett,Kathy.Sasnett@yopmail.com,male,Mongolia,worker
366,Nikki,Madox,Nikki.Madox@yopmail.com,male,Mali,firefighter
367,Cecile,Eliathas,Cecile.Eliathas@yopmail.com,female,Burundi,worker
368,Minne,Zenas,Minne.Zenas@yopmail.com,female,Germany,firefighter
369,Evaleen,Wenoa,Evaleen.Wenoa@yopmail.com,female,Antarctica,developer
370,Marline,Ajay,Marline.Ajay@yopmail.com,female,Albania,developer
371,Wynne,Aprile,Wynne.Aprile@yopmail.com,female,Tokelau,doctor
372,Mariann,Dowski,Mariann.Dowski@yopmail.com,female,Pakistan,developer
373,Jaime,Hedve,Jaime.Hedve@yopmail.com,male,Gambia,firefighter
374,Imojean,Madelene,Imojean.Madelene@yopmail.com,female,Israel,doctor
375,Philis,Hollingsworth,Philis.Hollingsworth@yopmail.com,male,Tuvalu,developer
376,Judy,Wesle,Judy.Wesle@yopmail.com,female,Montserrat,developer
377,Yetty,Bord,Yetty.Bord@yopmail.com,male,Bulgaria,developer
378,Bobinette,Mayeda,Bobinette.Mayeda@yopmail.com,female,American Samoa,doctor
379,Joy,Han,Joy.Han@yopmail.com,female,AndorrA,worker
380,Kenna,Ephrem,Kenna.Ephrem@yopmail.com,male,Bangladesh,doctor
381,Lulita,Thomasina,Lulita.Thomasina@yopmail.com,male,Netherlands Antilles,doctor
382,Rosene,Othilia,Rosene.Othilia@yopmail.com,male,Kuwait,firefighter
383,Raf,Etom,Raf.Etom@yopmail.com,male,Ecuador,police officer
384,Ayn,Parsaye,Ayn.Parsaye@yopmail.com,female,Maldives,developer
385,Petronia,Taam,Petronia.Taam@yopmail.com,female,Macao,doctor
386,Sybille,Alarise,Sybille.Alarise@yopmail.com,female,Japan,doctor
387,Lorie,Kalinda,Lorie.Kalinda@yopmail.com,male,Serbia and Montenegro,firefighter
388,Lila,Nadia,Lila.Nadia@yopmail.com,male,Cameroon,developer
389,Sidoney,Publia,Sidoney.Publia@yopmail.com,male,Tokelau,firefighter
390,Wileen,Erich,Wileen.Erich@yopmail.com,female,Bermuda,worker
391,Ellette,Margret,Ellette.Margret@yopmail.com,male,Honduras,police officer
392,Lynde,Ellord,Lynde.Ellord@yopmail.com,male,Northern Mariana Islands,doctor
393,Kathy,Stevy,Kathy.Stevy@yopmail.com,male,Guernsey,doctor
394,Fina,Koziara,Fina.Koziara@yopmail.com,female,Guernsey,worker
395,Carilyn,Kesley,Carilyn.Kesley@yopmail.com,female,Colombia,firefighter
396,Therine,Ade,Therine.Ade@yopmail.com,male,Gabon,firefighter
397,Kaia,Ehrman,Kaia.Ehrman@yopmail.com,female,Congo,firefighter
398,Feliza,Cyrie,Feliza.Cyrie@yopmail.com,female,Burundi,developer
399,Diena,Trinetta,Diena.Trinetta@yopmail.com,male,Japan,developer
400,Emma,Howlyn,Emma.Howlyn@yopmail.com,male,Lesotho,firefighter
401,Elise,Whiffen,Elise.Whiffen@yopmail.com,male,Comoros,firefighter
402,Rebeca,Hepsibah,Rebeca.Hepsibah@yopmail.com,male,Sierra Leone,firefighter
403,Lucille,Karylin,Lucille.Karylin@yopmail.com,female,Anguilla,firefighter
404,Genevra,Moseley,Genevra.Moseley@yopmail.com,female,Venezuela,doctor
405,Micheline,Gherardo,Micheline.Gherardo@yopmail.com,male,Djibouti,worker
406,Alie,Salvidor,Alie.Salvidor@yopmail.com,female,Viet Nam,firefighter
407,Grier,Rustice,Grier.Rustice@yopmail.com,male,Afghanistan,police officer
408,Violet,Rustice,Violet.Rustice@yopmail.com,female,Mayotte,worker
409,Feliza,Bibi,Feliza.Bibi@yopmail.com,male,"Lao People""S Democratic Republic",worker
410,Camile,Glovsky,Camile.Glovsky@yopmail.com,female,Macao,firefighter
411,Rori,Magdalen,Rori.Magdalen@yopmail.com,female,RWANDA,worker
412,Sarette,Clie,Sarette.Clie@yopmail.com,female,Turkey,police officer
413,Kristan,Denis,Kristan.Denis@yopmail.com,female,Holy See (Vatican City State),developer
414,Minda,Winthorpe,Minda.Winthorpe@yopmail.com,male,Malta,worker
415,Kylynn,Stav,Kylynn.Stav@yopmail.com,male,Barbados,firefighter
416,Celisse,Mich,Celisse.Mich@yopmail.com,female,Singapore,worker
417,Mahalia,O'Neill,Mahalia.O'Neill@yopmail.com,female,Anguilla,police officer
418,Dyann,Yoko,Dyann.Yoko@yopmail.com,male,"Macedonia, The Former Yugoslav Republic of",developer
419,Bobbi,Clarissa,Bobbi.Clarissa@yopmail.com,male,"Palestinian Territory, Occupied",doctor
420,Dede,Gordon,Dede.Gordon@yopmail.com,female,Niue,firefighter
421,Wanda,Pulsifer,Wanda.Pulsifer@yopmail.com,male,Poland,worker
422,Maridel,Chrystel,Maridel.Chrystel@yopmail.com,male,Venezuela,police officer
423,Leona,Desai,Leona.Desai@yopmail.com,male,Lithuania,firefighter
424,Rubie,Bakerman,Rubie.Bakerman@yopmail.com,female,Tonga,firefighter
425,Lucille,Regan,Lucille.Regan@yopmail.com,female,Martinique,developer
426,Paulita,Tengdin,Paulita.Tengdin@yopmail.com,female,"Moldova, Republic of",developer
427,Doro,Ellord,Doro.Ellord@yopmail.com,male,Western Sahara,police officer
428,Meghann,Orelee,Meghann.Orelee@yopmail.com,female,Liechtenstein,police officer
429,Sue,Bennie,Sue.Bennie@yopmail.com,female,Singapore,firefighter
430,Dorothy,Tiffa,Dorothy.Tiffa@yopmail.com,female,Syrian Arab Republic,firefighter
431,Nelle,Frendel,Nelle.Frendel@yopmail.com,female,Aruba,firefighter
432,Imojean,Dituri,Imojean.Dituri@yopmail.com,male,Svalbard and Jan Mayen,firefighter
433,Alameda,Honoria,Alameda.Honoria@yopmail.com,male,Argentina,worker
434,Barbi,Anton,Barbi.Anton@yopmail.com,male,Maldives,firefighter
435,Di,Dawkins,Di.Dawkins@yopmail.com,male,"Korea, Republic of",developer
436,Cacilie,Rolf,Cacilie.Rolf@yopmail.com,female,Montserrat,doctor
437,Lolita,Pauly,Lolita.Pauly@yopmail.com,male,Svalbard and Jan Mayen,firefighter
438,Gerrie,Simmonds,Gerrie.Simmonds@yopmail.com,female,Estonia,doctor
439,Nyssa,Pip,Nyssa.Pip@yopmail.com,male,Burkina Faso,police officer
440,Joleen,Gherardo,Joleen.Gherardo@yopmail.com,female,Burkina Faso,doctor
441,Vere,Primalia,Vere.Primalia@yopmail.com,male,Syrian Arab Republic,doctor
442,Abbie,Ries,Abbie.Ries@yopmail.com,female,Sri Lanka,developer
443,Yolane,Masao,Yolane.Masao@yopmail.com,male,Syrian Arab Republic,worker
444,Goldie,Baylor,Goldie.Baylor@yopmail.com,male,"Iran, Islamic Republic Of",police officer
445,Elie,Hollingsworth,Elie.Hollingsworth@yopmail.com,female,Burkina Faso,worker
446,Justinn,Chapland,Justinn.Chapland@yopmail.com,male,"Iran, Islamic Republic Of",worker
447,Xylina,Barbey,Xylina.Barbey@yopmail.com,male,Syrian Arab Republic,worker
448,Neila,Donoghue,Neila.Donoghue@yopmail.com,female,Sierra Leone,worker
449,Leia,Linehan,Leia.Linehan@yopmail.com,male,Kuwait,developer
450,Liana,Socha,Liana.Socha@yopmail.com,female,Cape Verde,firefighter
451,Brietta,Ries,Brietta.Ries@yopmail.com,male,Maldives,developer
452,Ilse,Casimir,Ilse.Casimir@yopmail.com,male,Botswana,firefighter
453,Sybille,Faust,Sybille.Faust@yopmail.com,male,Niue,doctor
454,Sharai,Trey,Sharai.Trey@yopmail.com,male,RWANDA,worker
455,Janeczka,Sothena,Janeczka.Sothena@yopmail.com,female,Poland,police officer
456,Mary,Greyson,Mary.Greyson@yopmail.com,female,Papua New Guinea,doctor
457,Jean,Francene,Jean.Francene@yopmail.com,female,Barbados,developer
458,Aimil,Ramona,Aimil.Ramona@yopmail.com,female,"Iran, Islamic Republic Of",doctor
459,Amara,Drus,Amara.Drus@yopmail.com,male,United States Minor Outlying Islands,police officer
460,Phylis,Darbie,Phylis.Darbie@yopmail.com,male,Nauru,worker
461,Britte,Dowski,Britte.Dowski@yopmail.com,female,Åland Islands,developer
462,Berget,Sothena,Berget.Sothena@yopmail.com,male,Sweden,doctor
463,Lulita,Nunci,Lulita.Nunci@yopmail.com,female,"Palestinian Territory, Occupied",developer
464,Hollie,Reneta,Hollie.Reneta@yopmail.com,male,Greenland,worker
465,Danny,Zola,Danny.Zola@yopmail.com,male,France,doctor
466,Dyann,Sallyann,Dyann.Sallyann@yopmail.com,male,Cocos (Keeling) Islands,police officer
467,Angelique,Elephus,Angelique.Elephus@yopmail.com,female,Malawi,doctor
468,Trixi,Stefa,Trixi.Stefa@yopmail.com,male,Kenya,developer
469,Deedee,Bandeen,Deedee.Bandeen@yopmail.com,female,Jersey,worker
470,Genevra,Lattie,Genevra.Lattie@yopmail.com,female,Haiti,developer
471,Blondelle,Oster,Blondelle.Oster@yopmail.com,female,Guernsey,developer
472,Brandise,Levey,Brandise.Levey@yopmail.com,male,Papua New Guinea,police officer
473,Elbertina,Smitt,Elbertina.Smitt@yopmail.com,male,Azerbaijan,doctor
474,Ana,Pettiford,Ana.Pettiford@yopmail.com,female,Faroe Islands,doctor
475,Lauryn,Orelee,Lauryn.Orelee@yopmail.com,female,Lebanon,police officer
476,Renae,Emanuel,Renae.Emanuel@yopmail.com,female,Belgium,worker
477,Bibby,Oneida,Bibby.Oneida@yopmail.com,male,Grenada,doctor
478,Isa,Phyllis,Isa.Phyllis@yopmail.com,male,Dominica,developer
479,Sean,Leler,Sean.Leler@yopmail.com,male,Cambodia,doctor
480,Daphne,Delp,Daphne.Delp@yopmail.com,male,Samoa,worker
481,Myrtice,Wildermuth,Myrtice.Wildermuth@yopmail.com,male,South Africa,police officer
482,Adriana,Elvyn,Adriana.Elvyn@yopmail.com,female,Nicaragua,firefighter
483,Nonnah,Konyn,Nonnah.Konyn@yopmail.com,female,Colombia,doctor
484,Ariela,Seligman,Ariela.Seligman@yopmail.com,male,Uganda,worker
485,Gwenneth,Gibbeon,Gwenneth.Gibbeon@yopmail.com,female,Luxembourg,developer
486,Sidoney,Riva,Sidoney.Riva@yopmail.com,male,South Africa,doctor
487,Collen,Dorothy,Collen.Dorothy@yopmail.com,female,Azerbaijan,doctor
488,Max,Lory,Max.Lory@yopmail.com,female,Barbados,developer
489,Jasmina,Edvard,Jasmina.Edvard@yopmail.com,male,Austria,firefighter
490,Carol-Jean,Zina,Carol-Jean.Zina@yopmail.com,female,Brunei Darussalam,worker
491,Cecile,Grosz,Cecile.Grosz@yopmail.com,female,Niger,police officer
492,Desirae,Larochelle,Desirae.Larochelle@yopmail.com,female,Germany,doctor
493,Kimberley,Dielu,Kimberley.Dielu@yopmail.com,male,Chad,developer
494,Shaylyn,Bivins,Shaylyn.Bivins@yopmail.com,male,Burundi,doctor
495,Maurene,Bethany,Maurene.Bethany@yopmail.com,female,Mali,police officer
496,Coral,Anastatius,Coral.Anastatius@yopmail.com,male,"Macedonia, The Former Yugoslav Republic of",firefighter
497,Marnia,Lubin,Marnia.Lubin@yopmail.com,male,Switzerland,doctor
498,Allis,Aida,Allis.Aida@yopmail.com,male,United States,police officer
499,Jeanna,Kronfeld,Jeanna.Kronfeld@yopmail.com,female,Anguilla,developer
500,Rhea,Raul,Rhea.Raul@yopmail.com,male,Canada,police officer
501,Chere,Engdahl,Chere.Engdahl@yopmail.com,male,"Taiwan, Province of China",police officer
502,Coral,Fink,Coral.Fink@yopmail.com,male,Isle of Man,developer
503,Malina,Berne,Malina.Berne@yopmail.com,female,Brunei Darussalam,developer
504,Tonia,Emmaline,Tonia.Emmaline@yopmail.com,female,Saint Helena,worker
505,Candi,Pacorro,Candi.Pacorro@yopmail.com,male,Guadeloupe,police officer
506,Bill,Lynn,Bill.Lynn@yopmail.com,female,Lesotho,developer
507,Nicoli,Kaete,Nicoli.Kaete@yopmail.com,male,Gabon,doctor
508,Florencia,Stav,Florencia.Stav@yopmail.com,female,Slovenia,firefighter
509,Konstance,Bollay,Konstance.Bollay@yopmail.com,male,Faroe Islands,firefighter
510,Carlie,Edison,Carlie.Edison@yopmail.com,female,Tokelau,worker
511,Eadie,Georas,Eadie.Georas@yopmail.com,female,Western Sahara,doctor
512,Alisha,Eben,Alisha.Eben@yopmail.com,female,Guadeloupe,worker
513,Karena,Darbie,Karena.Darbie@yopmail.com,female,Sao Tome and Principe,developer
514,Belva,Rugen,Belva.Rugen@yopmail.com,female,Guinea,firefighter
515,Sissy,Demitria,Sissy.Demitria@yopmail.com,female,Martinique,police officer
516,Shandie,Fabiola,Shandie.Fabiola@yopmail.com,female,Macao,doctor
517,Albertina,Eldrid,Albertina.Eldrid@yopmail.com,female,Mauritania,doctor
518,Lonnie,Malanie,Lonnie.Malanie@yopmail.com,male,Mexico,doctor
519,Margarette,Bennie,Margarette.Bennie@yopmail.com,female,Dominican Republic,police officer
520,Lusa,Aurelio,Lusa.Aurelio@yopmail.com,male,China,doctor
521,Vita,Suanne,Vita.Suanne@yopmail.com,female,French Polynesia,worker
522,Coral,Kylander,Coral.Kylander@yopmail.com,female,Angola,doctor
523,Jinny,Mike,Jinny.Mike@yopmail.com,male,Dominica,firefighter
524,Nananne,Allys,Nananne.Allys@yopmail.com,male,Senegal,firefighter
525,Xylina,Wesle,Xylina.Wesle@yopmail.com,female,Morocco,developer
526,Elsie,Stefa,Elsie.Stefa@yopmail.com,female,Kazakhstan,firefighter
527,Selia,Vorster,Selia.Vorster@yopmail.com,female,Greenland,firefighter
528,Cristine,Rossner,Cristine.Rossner@yopmail.com,male,Lithuania,worker
529,Demetris,Garbe,Demetris.Garbe@yopmail.com,female,Eritrea,doctor
530,Karena,Swigart,Karena.Swigart@yopmail.com,female,Mayotte,doctor
531,Coral,Sparhawk,Coral.Sparhawk@yopmail.com,male,Seychelles,doctor
532,Vita,Hull,Vita.Hull@yopmail.com,female,"Congo, The Democratic Republic of the",worker
533,Felice,Adore,Felice.Adore@yopmail.com,female,Bermuda,developer
534,Aubrie,Wiener,Aubrie.Wiener@yopmail.com,female,Spain,police officer
535,Aili,Rubie,Aili.Rubie@yopmail.com,male,Algeria,developer
536,Dulce,Lindemann,Dulce.Lindemann@yopmail.com,female,Tajikistan,firefighter
537,Joeann,Doig,Joeann.Doig@yopmail.com,male,"Virgin Islands, U.S.",firefighter
538,Dagmar,Parette,Dagmar.Parette@yopmail.com,male,Tunisia,worker
539,Elsie,Tjon,Elsie.Tjon@yopmail.com,male,Benin,doctor
540,Melanie,Felecia,Melanie.Felecia@yopmail.com,male,Angola,worker
541,Feliza,Lanita,Feliza.Lanita@yopmail.com,female,Honduras,police officer
542,Lacie,Margarete,Lacie.Margarete@yopmail.com,female,Singapore,developer
543,Kaja,Albertine,Kaja.Albertine@yopmail.com,male,Norfolk Island,police officer
544,Madeleine,Dunkin,Madeleine.Dunkin@yopmail.com,male,French Guiana,police officer
545,Mady,Arquit,Mady.Arquit@yopmail.com,male,Marshall Islands,police officer
546,Tori,Janene,Tori.Janene@yopmail.com,female,Papua New Guinea,worker
547,Bee,Soneson,Bee.Soneson@yopmail.com,female,Sao Tome and Principe,doctor
548,Starla,Neils,Starla.Neils@yopmail.com,male,Sri Lanka,police officer
549,Jackie,Havens,Jackie.Havens@yopmail.com,male,Denmark,worker
550,Corina,Gladstone,Corina.Gladstone@yopmail.com,female,Greece,firefighter
551,Therine,Eugenia,Therine.Eugenia@yopmail.com,female,Monaco,doctor
552,Clary,Amand,Clary.Amand@yopmail.com,female,Paraguay,doctor
553,Tami,Korey,Tami.Korey@yopmail.com,female,Yemen,police officer
554,Christal,Maroney,Christal.Maroney@yopmail.com,female,Guinea-Bissau,police officer
555,Roz,Sasnett,Roz.Sasnett@yopmail.com,male,Chad,doctor
556,Ruthe,Taima,Ruthe.Taima@yopmail.com,female,Yemen,developer
557,Meriel,Cressida,Meriel.Cressida@yopmail.com,female,Italy,police officer
558,Lyssa,Gilbertson,Lyssa.Gilbertson@yopmail.com,female,United Kingdom,doctor
559,Barbara,Cyrie,Barbara.Cyrie@yopmail.com,female,Morocco,developer
560,Paulita,Bethany,Paulita.Bethany@yopmail.com,male,Cocos (Keeling) Islands,developer
561,Sherrie,Agle,Sherrie.Agle@yopmail.com,male,San Marino,worker
562,Cathyleen,Adlare,Cathyleen.Adlare@yopmail.com,male,Czech Republic,worker
563,Hyacinthe,Chrystel,Hyacinthe.Chrystel@yopmail.com,female,Cook Islands,worker
564,Janeczka,Halsey,Janeczka.Halsey@yopmail.com,female,"Korea, Democratic People""S Republic of",police officer
565,Kristina,Wind,Kristina.Wind@yopmail.com,male,"Congo, The Democratic Republic of the",doctor
566,Paule,Andrel,Paule.Andrel@yopmail.com,female,"Macedonia, The Former Yugoslav Republic of",worker
567,Theodora,Stacy,Theodora.Stacy@yopmail.com,male,Syrian Arab Republic,firefighter
568,Angelique,Berne,Angelique.Berne@yopmail.com,female,Japan,police officer
569,Cissiee,Larochelle,Cissiee.Larochelle@yopmail.com,female,Pitcairn,firefighter
570,Regina,Chaing,Regina.Chaing@yopmail.com,male,Burkina Faso,police officer
571,Chickie,Sigfrid,Chickie.Sigfrid@yopmail.com,female,Bosnia and Herzegovina,doctor
572,Leanna,Joni,Leanna.Joni@yopmail.com,female,Congo,firefighter
573,Mignon,Allare,Mignon.Allare@yopmail.com,female,Guernsey,developer
574,Etta,Goerke,Etta.Goerke@yopmail.com,female,Uganda,police officer
575,Silvana,Jefferey,Silvana.Jefferey@yopmail.com,male,Mauritius,firefighter
576,Raina,Wilona,Raina.Wilona@yopmail.com,female,Bhutan,firefighter
577,Inga,Concha,Inga.Concha@yopmail.com,male,Sierra Leone,developer
578,Lusa,Stover,Lusa.Stover@yopmail.com,female,Guinea,worker
579,Clo,Amasa,Clo.Amasa@yopmail.com,male,Solomon Islands,developer
580,Katuscha,Ranjiv,Katuscha.Ranjiv@yopmail.com,male,Malaysia,firefighter
581,Eolanda,Brady,Eolanda.Brady@yopmail.com,male,Anguilla,worker
582,Wilma,Leffen,Wilma.Leffen@yopmail.com,male,Ireland,police officer
583,Evaleen,Melleta,Evaleen.Melleta@yopmail.com,male,United States Minor Outlying Islands,developer
584,Albertina,Niccolo,Albertina.Niccolo@yopmail.com,female,San Marino,police officer
585,Brana,Elsinore,Brana.Elsinore@yopmail.com,female,Austria,police officer
586,Libbie,Pond,Libbie.Pond@yopmail.com,female,Kiribati,police officer
587,Bibby,Leary,Bibby.Leary@yopmail.com,male,Saint Kitts and Nevis,firefighter
588,Deirdre,Kendrick,Deirdre.Kendrick@yopmail.com,female,Cyprus,doctor
589,Renie,Dichy,Renie.Dichy@yopmail.com,male,Paraguay,police officer
590,Adele,Orlene,Adele.Orlene@yopmail.com,female,Tokelau,doctor
591,Vanessa,Ferrell,Vanessa.Ferrell@yopmail.com,female,Cuba,worker
592,Marylou,Fosque,Marylou.Fosque@yopmail.com,male,Heard Island and Mcdonald Islands,developer
593,Ermengarde,Melony,Ermengarde.Melony@yopmail.com,female,Reunion,worker
594,Hayley,Greyson,Hayley.Greyson@yopmail.com,male,Uzbekistan,worker
595,Chere,Tippets,Chere.Tippets@yopmail.com,female,Libyan Arab Jamahiriya,developer
596,Tersina,Bonucci,Tersina.Bonucci@yopmail.com,female,Lithuania,doctor
597,Asia,Evangelia,Asia.Evangelia@yopmail.com,female,"Cote D""Ivoire",doctor
598,Cassondra,Adrienne,Cassondra.Adrienne@yopmail.com,male,Libyan Arab Jamahiriya,developer
599,Frances,Donell,Frances.Donell@yopmail.com,female,Equatorial Guinea,police officer
600,Kylynn,Magdalen,Kylynn.Magdalen@yopmail.com,female,Central African Republic,firefighter
601,Corry,Euridice,Corry.Euridice@yopmail.com,male,Svalbard and Jan Mayen,developer
602,Laurene,Kare,Laurene.Kare@yopmail.com,female,Central African Republic,worker
603,Roz,Frendel,Roz.Frendel@yopmail.com,female,Senegal,firefighter
604,Jere,Kenwood,Jere.Kenwood@yopmail.com,male,Nicaragua,worker
605,Ana,Sholley,Ana.Sholley@yopmail.com,male,Bulgaria,worker
606,Miquela,Monaco,Miquela.Monaco@yopmail.com,male,Montserrat,developer
607,Tierney,Freddi,Tierney.Freddi@yopmail.com,male,Guatemala,worker
608,Evita,Lissi,Evita.Lissi@yopmail.com,male,Macao,worker
609,Bibby,Cadmar,Bibby.Cadmar@yopmail.com,male,Reunion,doctor
610,Tilly,Slifka,Tilly.Slifka@yopmail.com,male,Greece,developer
611,Kimmy,Guthrie,Kimmy.Guthrie@yopmail.com,male,Dominica,police officer
612,Agnese,Amasa,Agnese.Amasa@yopmail.com,male,Indonesia,developer
613,Perry,O'Neill,Perry.O'Neill@yopmail.com,female,Seychelles,firefighter
614,Dagmar,Harl,Dagmar.Harl@yopmail.com,female,Christmas Island,worker
615,Melisent,Margarete,Melisent.Margarete@yopmail.com,male,Latvia,developer
616,Danika,Bluh,Danika.Bluh@yopmail.com,female,Niue,developer
617,Madalyn,Winnick,Madalyn.Winnick@yopmail.com,female,Malta,firefighter
618,Carlie,Penelopa,Carlie.Penelopa@yopmail.com,male,Niger,doctor
619,Jerry,Clywd,Jerry.Clywd@yopmail.com,female,Czech Republic,doctor
620,Roz,Fink,Roz.Fink@yopmail.com,female,Paraguay,developer
621,Lexine,Orpah,Lexine.Orpah@yopmail.com,female,Turkmenistan,worker
622,Grier,Brian,Grier.Brian@yopmail.com,male,"Congo, The Democratic Republic of the",doctor
623,Ada,Reidar,Ada.Reidar@yopmail.com,female,Malaysia,worker
624,Andeee,Bethany,Andeee.Bethany@yopmail.com,male,Saint Kitts and Nevis,developer
625,Chrystel,Corilla,Chrystel.Corilla@yopmail.com,male,Cambodia,police officer
626,Dulce,Fadiman,Dulce.Fadiman@yopmail.com,male,Sudan,firefighter
627,Sean,Kristi,Sean.Kristi@yopmail.com,male,Australia,firefighter
628,Kassey,Iphlgenia,Kassey.Iphlgenia@yopmail.com,male,Guyana,firefighter
629,Flo,Ax,Flo.Ax@yopmail.com,male,Macao,developer
630,Ada,Thar,Ada.Thar@yopmail.com,male,Northern Mariana Islands,police officer
631,Xylina,Miru,Xylina.Miru@yopmail.com,female,Gibraltar,doctor
632,Nataline,Dex,Nataline.Dex@yopmail.com,male,Solomon Islands,firefighter
633,Kaia,Sprage,Kaia.Sprage@yopmail.com,female,French Guiana,worker
634,Gretal,Janene,Gretal.Janene@yopmail.com,female,Philippines,doctor
635,Ida,Kamaria,Ida.Kamaria@yopmail.com,male,"Moldova, Republic of",police officer
636,Brianna,Skell,Brianna.Skell@yopmail.com,female,Tunisia,doctor
637,Jillayne,Garek,Jillayne.Garek@yopmail.com,female,Saint Lucia,police officer
638,Joeann,Oscar,Joeann.Oscar@yopmail.com,male,Honduras,firefighter
639,Ingrid,Sophronia,Ingrid.Sophronia@yopmail.com,female,Gibraltar,police officer
640,Eadie,Syd,Eadie.Syd@yopmail.com,female,Maldives,worker
641,Sharlene,Colleen,Sharlene.Colleen@yopmail.com,male,RWANDA,firefighter
642,Ketti,Drus,Ketti.Drus@yopmail.com,male,Monaco,firefighter
643,Leanna,Chem,Leanna.Chem@yopmail.com,female,Romania,doctor
644,Monika,Ashely,Monika.Ashely@yopmail.com,female,United Kingdom,police officer
645,Caressa,Zola,Caressa.Zola@yopmail.com,male,Viet Nam,developer
646,Althea,Justinn,Althea.Justinn@yopmail.com,male,Colombia,worker
647,Adriana,Hillel,Adriana.Hillel@yopmail.com,female,Pitcairn,doctor
648,Laurene,Bohlin,Laurene.Bohlin@yopmail.com,female,Mali,worker
649,Chickie,Milde,Chickie.Milde@yopmail.com,male,Martinique,worker
650,Ofilia,Thunell,Ofilia.Thunell@yopmail.com,female,Thailand,doctor
651,Amii,Iaverne,Amii.Iaverne@yopmail.com,male,"Macedonia, The Former Yugoslav Republic of",police officer
652,Mildrid,Warthman,Mildrid.Warthman@yopmail.com,female,Haiti,police officer
653,Amara,Iphlgenia,Amara.Iphlgenia@yopmail.com,female,Panama,doctor
654,Amara,Publia,Amara.Publia@yopmail.com,female,United Arab Emirates,firefighter
655,Sashenka,Redmond,Sashenka.Redmond@yopmail.com,male,Egypt,worker
656,Shaine,Drus,Shaine.Drus@yopmail.com,female,Guatemala,worker
657,Letizia,Vorster,Letizia.Vorster@yopmail.com,female,"Micronesia, Federated States of",firefighter
658,Marika,Kenney,Marika.Kenney@yopmail.com,female,Saint Kitts and Nevis,doctor
659,Konstance,Lauraine,Konstance.Lauraine@yopmail.com,female,China,worker
660,Fina,Susannah,Fina.Susannah@yopmail.com,male,Croatia,police officer
661,Randa,Pascia,Randa.Pascia@yopmail.com,male,Sao Tome and Principe,doctor
662,Eugine,Rese,Eugine.Rese@yopmail.com,female,Sudan,developer
663,Joleen,Greyson,Joleen.Greyson@yopmail.com,female,Slovenia,developer
664,Consuela,Rese,Consuela.Rese@yopmail.com,male,Montserrat,doctor
665,Wanda,Cordi,Wanda.Cordi@yopmail.com,male,French Guiana,developer
666,Tera,Ricarda,Tera.Ricarda@yopmail.com,male,"Tanzania, United Republic of",doctor
667,Cindelyn,Michella,Cindelyn.Michella@yopmail.com,male,Niger,firefighter
668,Paola,Felizio,Paola.Felizio@yopmail.com,female,Reunion,police officer
669,Angela,Jalbert,Angela.Jalbert@yopmail.com,female,Burundi,police officer
670,Tobe,Prouty,Tobe.Prouty@yopmail.com,female,Chad,firefighter
671,Carly,Ajay,Carly.Ajay@yopmail.com,female,"Macedonia, The Former Yugoslav Republic of",police officer
672,Ariela,Ammann,Ariela.Ammann@yopmail.com,female,Guatemala,police officer
673,Kathi,Arley,Kathi.Arley@yopmail.com,male,Peru,worker
674,Dorthy,Erb,Dorthy.Erb@yopmail.com,male,Isle of Man,firefighter
675,Joy,Tengdin,Joy.Tengdin@yopmail.com,female,Haiti,police officer
676,Netty,Boehike,Netty.Boehike@yopmail.com,female,Fiji,developer
677,Gertrud,Buffum,Gertrud.Buffum@yopmail.com,male,"Moldova, Republic of",firefighter
678,Tani,Niles,Tani.Niles@yopmail.com,female,Guinea,police officer
679,Carmencita,Weaks,Carmencita.Weaks@yopmail.com,male,Portugal,firefighter
680,Morganica,Linskey,Morganica.Linskey@yopmail.com,female,Myanmar,developer
681,Lindie,Stover,Lindie.Stover@yopmail.com,female,El Salvador,police officer
682,Charlena,Sidonius,Charlena.Sidonius@yopmail.com,male,Somalia,developer
683,Vanessa,Bonilla,Vanessa.Bonilla@yopmail.com,male,Angola,firefighter
684,Penelopa,Freddi,Penelopa.Freddi@yopmail.com,male,Ireland,police officer
685,Charmaine,Sherfield,Charmaine.Sherfield@yopmail.com,male,Central African Republic,firefighter
686,Charissa,Vernier,Charissa.Vernier@yopmail.com,female,Luxembourg,police officer
687,Louella,Ventre,Louella.Ventre@yopmail.com,male,"Macedonia, The Former Yugoslav Republic of",police officer
688,Nessie,Mintz,Nessie.Mintz@yopmail.com,male,Turks and Caicos Islands,worker
689,Tabbatha,Gwenore,Tabbatha.Gwenore@yopmail.com,male,Togo,worker
690,Karolina,Halsey,Karolina.Halsey@yopmail.com,female,Wallis and Futuna,doctor
691,Jennica,Isacco,Jennica.Isacco@yopmail.com,male,Cyprus,police officer
692,Marjie,Posner,Marjie.Posner@yopmail.com,female,Antigua and Barbuda,police officer
693,Netty,Chobot,Netty.Chobot@yopmail.com,female,Saint Vincent and the Grenadines,doctor
694,Siana,Vittoria,Siana.Vittoria@yopmail.com,male,Bermuda,firefighter
695,Mireielle,Tannie,Mireielle.Tannie@yopmail.com,female,Turks and Caicos Islands,firefighter
696,Roslyn,Hashim,Roslyn.Hashim@yopmail.com,female,Greenland,police officer
697,Theodora,Edmund,Theodora.Edmund@yopmail.com,male,Guinea,developer
698,Hermione,Olnee,Hermione.Olnee@yopmail.com,female,Armenia,doctor
699,Iseabal,Aloise,Iseabal.Aloise@yopmail.com,female,Turkmenistan,police officer
700,Mallory,Ioab,Mallory.Ioab@yopmail.com,female,Algeria,developer
701,Dennie,Knowling,Dennie.Knowling@yopmail.com,female,Anguilla,police officer
702,Millie,Lewes,Millie.Lewes@yopmail.com,male,Kazakhstan,developer
703,Meg,Havens,Meg.Havens@yopmail.com,male,India,worker
704,Jerry,Jacobah,Jerry.Jacobah@yopmail.com,female,Bhutan,worker
705,Elena,Katrine,Elena.Katrine@yopmail.com,male,Grenada,developer
706,Kathi,Prouty,Kathi.Prouty@yopmail.com,male,Somalia,police officer
707,Fidelia,Bearnard,Fidelia.Bearnard@yopmail.com,female,Cape Verde,doctor
708,Ursulina,Claudine,Ursulina.Claudine@yopmail.com,female,Qatar,worker
709,Carly,Arvo,Carly.Arvo@yopmail.com,female,Turkmenistan,doctor
710,Josephine,Danby,Josephine.Danby@yopmail.com,female,Tajikistan,worker
711,Jennica,Allare,Jennica.Allare@yopmail.com,male,Palau,worker
712,Elbertina,Korey,Elbertina.Korey@yopmail.com,male,Hong Kong,worker
713,Roz,Tamar,Roz.Tamar@yopmail.com,female,Tuvalu,worker
714,Melanie,Johanna,Melanie.Johanna@yopmail.com,male,Panama,doctor
715,Misha,Ioab,Misha.Ioab@yopmail.com,female,Qatar,developer
716,Cristine,Meter,Cristine.Meter@yopmail.com,male,Bhutan,firefighter
717,Daune,Abram,Daune.Abram@yopmail.com,male,Australia,worker
718,Kary,Ophelia,Kary.Ophelia@yopmail.com,male,"Taiwan, Province of China",doctor
719,Darci,Lay,Darci.Lay@yopmail.com,female,Jersey,firefighter
720,Thalia,Kiersten,Thalia.Kiersten@yopmail.com,female,Netherlands Antilles,worker
721,Viviene,Lindemann,Viviene.Lindemann@yopmail.com,female,Azerbaijan,police officer
722,Kirbee,Sisile,Kirbee.Sisile@yopmail.com,male,Czech Republic,developer
723,Concettina,Turne,Concettina.Turne@yopmail.com,male,Netherlands Antilles,worker
724,Rosaline,Tufts,Rosaline.Tufts@yopmail.com,male,Pakistan,firefighter
725,Jaime,Dyche,Jaime.Dyche@yopmail.com,male,Turks and Caicos Islands,police officer
726,Genevra,Malina,Genevra.Malina@yopmail.com,female,Bolivia,firefighter
727,Jemie,Joachim,Jemie.Joachim@yopmail.com,female,Switzerland,developer
728,Rosabelle,Norrie,Rosabelle.Norrie@yopmail.com,male,Bangladesh,firefighter
729,Leanna,Lanita,Leanna.Lanita@yopmail.com,male,Kiribati,worker
730,Rochette,Redmond,Rochette.Redmond@yopmail.com,male,Anguilla,doctor
731,Inga,Stacy,Inga.Stacy@yopmail.com,female,Bangladesh,police officer
732,Micheline,Hirsch,Micheline.Hirsch@yopmail.com,male,"Macedonia, The Former Yugoslav Republic of",firefighter
733,Cindelyn,Kress,Cindelyn.Kress@yopmail.com,male,"Palestinian Territory, Occupied",police officer
734,Adele,Bultman,Adele.Bultman@yopmail.com,male,Dominica,developer
735,Ethel,Margarete,Ethel.Margarete@yopmail.com,female,Saint Vincent and the Grenadines,worker
736,Melisent,Natalia,Melisent.Natalia@yopmail.com,male,South Georgia and the South Sandwich Islands,police officer
737,Grier,Urias,Grier.Urias@yopmail.com,female,Pitcairn,doctor
738,Cherilyn,Hanleigh,Cherilyn.Hanleigh@yopmail.com,female,Tonga,worker
739,Alexine,Percy,Alexine.Percy@yopmail.com,female,Maldives,worker
740,Adriana,Bobbee,Adriana.Bobbee@yopmail.com,male,Morocco,firefighter
741,Cam,Seligman,Cam.Seligman@yopmail.com,female,Syrian Arab Republic,firefighter
742,Oona,Hilbert,Oona.Hilbert@yopmail.com,male,Slovakia,worker
743,Barbara,Pearse,Barbara.Pearse@yopmail.com,male,Romania,doctor
744,Dede,Estella,Dede.Estella@yopmail.com,male,Brazil,worker
745,Ivett,Elo,Ivett.Elo@yopmail.com,male,Syrian Arab Republic,doctor
746,Fawne,Kiersten,Fawne.Kiersten@yopmail.com,male,France,firefighter
747,Aubrie,Lytton,Aubrie.Lytton@yopmail.com,male,Mexico,police officer
748,Emmey,Pernick,Emmey.Pernick@yopmail.com,female,Turkey,police officer
749,Perry,Nicoline,Perry.Nicoline@yopmail.com,female,Syrian Arab Republic,developer
750,Katuscha,LaRue,Katuscha.LaRue@yopmail.com,female,Myanmar,police officer
751,Quintina,Infield,Quintina.Infield@yopmail.com,male,Mayotte,worker
752,Theodora,Mandler,Theodora.Mandler@yopmail.com,male,Faroe Islands,firefighter
753,Cacilie,Belanger,Cacilie.Belanger@yopmail.com,female,Christmas Island,developer
754,Tilly,Peg,Tilly.Peg@yopmail.com,male,"Micronesia, Federated States of",doctor
755,Dania,Dulciana,Dania.Dulciana@yopmail.com,female,Denmark,developer
756,Kelly,Cullin,Kelly.Cullin@yopmail.com,female,British Indian Ocean Territory,doctor
757,Jorry,Hessler,Jorry.Hessler@yopmail.com,female,Austria,developer
758,Selia,Hanleigh,Selia.Hanleigh@yopmail.com,male,Bolivia,firefighter
759,Fredericka,Holbrook,Fredericka.Holbrook@yopmail.com,male,Peru,firefighter
760,Millie,Stacy,Millie.Stacy@yopmail.com,female,Armenia,police officer
761,Winifred,Kirstin,Winifred.Kirstin@yopmail.com,female,Mexico,worker
762,Ida,Rosemary,Ida.Rosemary@yopmail.com,male,Jamaica,police officer
763,Annice,Donoghue,Annice.Donoghue@yopmail.com,female,Mozambique,worker
764,Maryellen,Mintz,Maryellen.Mintz@yopmail.com,male,Armenia,developer
765,Millie,Radu,Millie.Radu@yopmail.com,female,Malaysia,doctor
766,Ronna,Bates,Ronna.Bates@yopmail.com,male,Finland,developer
767,Shaylyn,Georas,Shaylyn.Georas@yopmail.com,male,Mauritania,police officer
768,Aryn,Jacobah,Aryn.Jacobah@yopmail.com,female,American Samoa,police officer
769,Sophia,Birdella,Sophia.Birdella@yopmail.com,female,Finland,developer
770,Aryn,Hermes,Aryn.Hermes@yopmail.com,male,Åland Islands,police officer
771,Charlena,Dyche,Charlena.Dyche@yopmail.com,male,Slovenia,police officer
772,Lulita,Gaspard,Lulita.Gaspard@yopmail.com,female,Viet Nam,police officer
773,Alexine,Edvard,Alexine.Edvard@yopmail.com,female,Afghanistan,worker
774,Nonnah,Ramona,Nonnah.Ramona@yopmail.com,male,South Africa,firefighter
775,Mariele,Tufts,Mariele.Tufts@yopmail.com,female,Oman,police officer
776,Yolane,Couture,Yolane.Couture@yopmail.com,female,Dominica,developer
777,Nannie,Rillings,Nannie.Rillings@yopmail.com,female,Latvia,doctor
778,Sibella,Herrera,Sibella.Herrera@yopmail.com,male,Malta,police officer
779,Andeee,Tomasina,Andeee.Tomasina@yopmail.com,female,Swaziland,developer
780,Daryl,Ashok,Daryl.Ashok@yopmail.com,male,Honduras,police officer
781,Rochette,Hessler,Rochette.Hessler@yopmail.com,male,Haiti,police officer
782,Merci,Clie,Merci.Clie@yopmail.com,male,Tonga,doctor
783,Leanna,Grayce,Leanna.Grayce@yopmail.com,female,Bermuda,worker
784,Sharai,Germann,Sharai.Germann@yopmail.com,male,"Congo, The Democratic Republic of the",doctor
785,Krystle,Chapland,Krystle.Chapland@yopmail.com,female,Saint Helena,developer
786,Cissiee,Hamil,Cissiee.Hamil@yopmail.com,male,El Salvador,doctor
787,Tamqrah,Anastatius,Tamqrah.Anastatius@yopmail.com,female,Russian Federation,police officer
788,Elmira,Philipp,Elmira.Philipp@yopmail.com,female,Zambia,doctor
789,Lauryn,Gibbeon,Lauryn.Gibbeon@yopmail.com,female,Cameroon,worker
790,Lorne,Barbey,Lorne.Barbey@yopmail.com,female,Central African Republic,worker
791,Inga,Kristi,Inga.Kristi@yopmail.com,female,Ireland,doctor
792,Alisha,Lane,Alisha.Lane@yopmail.com,male,Ethiopia,worker
793,Delilah,Isacco,Delilah.Isacco@yopmail.com,female,Colombia,developer
794,Christian,Malanie,Christian.Malanie@yopmail.com,male,Jamaica,doctor
795,Tressa,Rustice,Tressa.Rustice@yopmail.com,male,Liberia,worker
796,Catrina,Stav,Catrina.Stav@yopmail.com,female,Monaco,doctor
797,Sharlene,Weaks,Sharlene.Weaks@yopmail.com,female,Isle of Man,police officer
798,Charmaine,Franza,Charmaine.Franza@yopmail.com,female,Malta,developer
799,Millie,Wandie,Millie.Wandie@yopmail.com,male,Malaysia,police officer
800,Dorice,Toor,Dorice.Toor@yopmail.com,male,Cameroon,developer
801,Mahalia,Loleta,Mahalia.Loleta@yopmail.com,female,Palau,worker
802,Dorothy,Roxanna,Dorothy.Roxanna@yopmail.com,male,French Southern Territories,developer
803,Julieta,McGrody,Julieta.McGrody@yopmail.com,female,Argentina,police officer
804,Ursulina,Nore,Ursulina.Nore@yopmail.com,male,Guinea,police officer
805,Konstance,Jammal,Konstance.Jammal@yopmail.com,female,Norway,developer
806,Nataline,Nikaniki,Nataline.Nikaniki@yopmail.com,male,Slovenia,firefighter
807,Larine,Dulciana,Larine.Dulciana@yopmail.com,male,Niue,firefighter
808,Maye,Vorster,Maye.Vorster@yopmail.com,female,Eritrea,police officer
809,Karly,Crudden,Karly.Crudden@yopmail.com,male,South Georgia and the South Sandwich Islands,firefighter
810,Quintina,Standing,Quintina.Standing@yopmail.com,male,Syrian Arab Republic,firefighter
811,Stacey,Japeth,Stacey.Japeth@yopmail.com,female,United Kingdom,police officer
812,Maryellen,Voletta,Maryellen.Voletta@yopmail.com,male,United Kingdom,firefighter
813,Ginnie,Kauppi,Ginnie.Kauppi@yopmail.com,female,India,firefighter
814,Brooks,Love,Brooks.Love@yopmail.com,male,Western Sahara,police officer
815,Roseline,Agle,Roseline.Agle@yopmail.com,male,Saint Pierre and Miquelon,doctor
816,Sindee,Lay,Sindee.Lay@yopmail.com,male,Nicaragua,firefighter
817,Wilma,Ranjiv,Wilma.Ranjiv@yopmail.com,male,Tonga,firefighter
818,Tressa,Chinua,Tressa.Chinua@yopmail.com,male,Bahamas,firefighter
819,Alia,Colp,Alia.Colp@yopmail.com,female,Solomon Islands,police officer
820,Pierette,Wandie,Pierette.Wandie@yopmail.com,male,Niue,doctor
821,Modestia,Wattenberg,Modestia.Wattenberg@yopmail.com,female,Uganda,firefighter
822,Jasmina,Chauncey,Jasmina.Chauncey@yopmail.com,male,New Caledonia,developer
823,Jaime,Kimmie,Jaime.Kimmie@yopmail.com,male,Finland,doctor
824,Trudie,Dichy,Trudie.Dichy@yopmail.com,male,Costa Rica,firefighter
825,Ricky,Moina,Ricky.Moina@yopmail.com,female,Western Sahara,developer
826,Merrie,Rugen,Merrie.Rugen@yopmail.com,female,Mauritania,police officer
827,Minda,Rodmann,Minda.Rodmann@yopmail.com,male,Saudi Arabia,firefighter
828,Frank,Maroney,Frank.Maroney@yopmail.com,female,Solomon Islands,developer
829,Marti,Alejoa,Marti.Alejoa@yopmail.com,male,Botswana,police officer
830,Maye,Hartnett,Maye.Hartnett@yopmail.com,female,India,police officer
831,Wilma,Klemperer,Wilma.Klemperer@yopmail.com,female,Equatorial Guinea,developer
832,Ida,Janith,Ida.Janith@yopmail.com,male,"Iran, Islamic Republic Of",worker
833,Jolyn,Hertzfeld,Jolyn.Hertzfeld@yopmail.com,female,Pitcairn,worker
834,Vonny,Thad,Vonny.Thad@yopmail.com,female,Costa Rica,firefighter
835,Lacie,Clara,Lacie.Clara@yopmail.com,male,Uganda,developer
836,Steffane,Rillings,Steffane.Rillings@yopmail.com,female,Greece,doctor
837,Georgetta,Toffic,Georgetta.Toffic@yopmail.com,female,Israel,doctor
838,Sonni,Faust,Sonni.Faust@yopmail.com,male,China,firefighter
839,Jacenta,Darrell,Jacenta.Darrell@yopmail.com,male,Israel,police officer
840,Genevra,Rillings,Genevra.Rillings@yopmail.com,female,Marshall Islands,police officer
841,Janeczka,Delacourt,Janeczka.Delacourt@yopmail.com,female,French Polynesia,developer
842,Sidoney,Rodmann,Sidoney.Rodmann@yopmail.com,female,Bulgaria,police officer
843,Desirae,Vale,Desirae.Vale@yopmail.com,female,Dominican Republic,worker
844,Suzette,Odysseus,Suzette.Odysseus@yopmail.com,male,Iraq,police officer
845,Bill,Reneta,Bill.Reneta@yopmail.com,female,Poland,firefighter
846,Myriam,Buffum,Myriam.Buffum@yopmail.com,male,Western Sahara,firefighter
847,Debee,Pernick,Debee.Pernick@yopmail.com,male,Nauru,firefighter
848,Nannie,Frendel,Nannie.Frendel@yopmail.com,female,Sri Lanka,doctor
849,Myriam,Vastah,Myriam.Vastah@yopmail.com,female,Cayman Islands,firefighter
850,Nita,Lytton,Nita.Lytton@yopmail.com,male,Honduras,doctor
851,Ilse,Timon,Ilse.Timon@yopmail.com,female,Bouvet Island,firefighter
852,Dorothy,Hortensia,Dorothy.Hortensia@yopmail.com,female,Costa Rica,worker
853,Viviene,Manolo,Viviene.Manolo@yopmail.com,male,Mongolia,police officer
854,Arlina,Helve,Arlina.Helve@yopmail.com,female,Bulgaria,developer
855,Phylis,Burnside,Phylis.Burnside@yopmail.com,female,Uganda,doctor
856,Morganica,Othilia,Morganica.Othilia@yopmail.com,male,Albania,police officer
857,Kirstin,Danby,Kirstin.Danby@yopmail.com,male,Haiti,developer
858,Merry,Persse,Merry.Persse@yopmail.com,female,Bahrain,doctor
859,Dominga,Kristi,Dominga.Kristi@yopmail.com,male,Mongolia,worker
860,Atlanta,Clara,Atlanta.Clara@yopmail.com,female,Niue,police officer
861,Gabi,Morrill,Gabi.Morrill@yopmail.com,female,French Polynesia,doctor
862,Adore,Grosz,Adore.Grosz@yopmail.com,male,Croatia,doctor
863,Robinia,Croix,Robinia.Croix@yopmail.com,female,Somalia,firefighter
864,Katuscha,Read,Katuscha.Read@yopmail.com,female,Solomon Islands,firefighter
865,Riannon,Laverne,Riannon.Laverne@yopmail.com,male,Ethiopia,developer
866,Micheline,Thunell,Micheline.Thunell@yopmail.com,female,Qatar,doctor
867,Daryl,Colyer,Daryl.Colyer@yopmail.com,female,Solomon Islands,developer
868,Ezmeralda,Zitvaa,Ezmeralda.Zitvaa@yopmail.com,male,Poland,firefighter
869,Raf,Corabella,Raf.Corabella@yopmail.com,female,Malawi,police officer
870,Phylis,Sammons,Phylis.Sammons@yopmail.com,male,Tajikistan,doctor
871,Lanna,Heidt,Lanna.Heidt@yopmail.com,male,Marshall Islands,doctor
872,Lila,Terencio,Lila.Terencio@yopmail.com,female,Algeria,police officer
873,Aigneis,Dannye,Aigneis.Dannye@yopmail.com,male,RWANDA,police officer
874,Tarra,Oster,Tarra.Oster@yopmail.com,male,Albania,worker
875,Asia,Chapland,Asia.Chapland@yopmail.com,female,Norfolk Island,police officer
876,Eadie,Erich,Eadie.Erich@yopmail.com,female,Morocco,doctor
877,Anestassia,Terencio,Anestassia.Terencio@yopmail.com,male,Monaco,police officer
878,Deloria,Germann,Deloria.Germann@yopmail.com,female,Isle of Man,developer
879,Gisela,Marden,Gisela.Marden@yopmail.com,female,Ecuador,worker
880,Annecorinne,Lymann,Annecorinne.Lymann@yopmail.com,male,Honduras,firefighter
881,Flo,Nea,Flo.Nea@yopmail.com,male,Belgium,developer
882,Rivalee,Dichy,Rivalee.Dichy@yopmail.com,male,"Lao People""S Democratic Republic",doctor
883,Dyann,Lia,Dyann.Lia@yopmail.com,male,Estonia,doctor
884,Goldie,Deny,Goldie.Deny@yopmail.com,female,Åland Islands,worker
885,Sheelagh,Brackely,Sheelagh.Brackely@yopmail.com,male,Uganda,worker
886,Deane,Celestine,Deane.Celestine@yopmail.com,female,Monaco,firefighter
887,Karena,Anyah,Karena.Anyah@yopmail.com,female,Austria,police officer
888,Clarice,Goldina,Clarice.Goldina@yopmail.com,male,Senegal,firefighter
889,Sharai,Dearborn,Sharai.Dearborn@yopmail.com,male,Malawi,worker
890,Annabela,Anis,Annabela.Anis@yopmail.com,male,Palau,worker
891,Babita,Madaih,Babita.Madaih@yopmail.com,female,Lesotho,doctor
892,Merrie,Schwejda,Merrie.Schwejda@yopmail.com,male,Cambodia,doctor
893,Annabela,Viddah,Annabela.Viddah@yopmail.com,male,Georgia,doctor
894,Margarette,Jobi,Margarette.Jobi@yopmail.com,male,Iraq,police officer
895,Beatriz,Holtz,Beatriz.Holtz@yopmail.com,male,Peru,doctor
896,Lizzie,Seligman,Lizzie.Seligman@yopmail.com,male,Bangladesh,police officer
897,Phylis,Bebe,Phylis.Bebe@yopmail.com,female,"Moldova, Republic of",firefighter
898,Florencia,Ulphia,Florencia.Ulphia@yopmail.com,male,Kyrgyzstan,police officer
899,Bernie,Slifka,Bernie.Slifka@yopmail.com,male,France,police officer
900,Dennie,Eiser,Dennie.Eiser@yopmail.com,male,Germany,doctor
901,Addia,Graig,Addia.Graig@yopmail.com,male,Peru,doctor
902,Diena,Burkle,Diena.Burkle@yopmail.com,female,Hungary,police officer
903,Misha,Guildroy,Misha.Guildroy@yopmail.com,female,Cook Islands,police officer
904,Jacenta,Tyson,Jacenta.Tyson@yopmail.com,female,Sudan,worker
905,Liana,Brunell,Liana.Brunell@yopmail.com,female,"Virgin Islands, British",developer
906,Drucie,Koziara,Drucie.Koziara@yopmail.com,female,Wallis and Futuna,worker
907,Lynde,Wadell,Lynde.Wadell@yopmail.com,female,Suriname,worker
908,Goldie,Cavan,Goldie.Cavan@yopmail.com,male,New Caledonia,developer
909,Talya,Lauraine,Talya.Lauraine@yopmail.com,male,Malaysia,police officer
910,Lelah,Kazimir,Lelah.Kazimir@yopmail.com,female,Reunion,police officer
911,Benita,Chauncey,Benita.Chauncey@yopmail.com,male,Saudi Arabia,doctor
912,Marcy,Carmena,Marcy.Carmena@yopmail.com,female,Turkmenistan,firefighter
913,Aimil,Valoniah,Aimil.Valoniah@yopmail.com,female,Zimbabwe,developer
914,Daryl,Vittoria,Daryl.Vittoria@yopmail.com,male,Denmark,doctor
915,Amara,Delila,Amara.Delila@yopmail.com,female,Italy,doctor
916,Nelle,Artie,Nelle.Artie@yopmail.com,male,Mauritius,firefighter
917,Alisha,Schenck,Alisha.Schenck@yopmail.com,female,Burundi,developer
918,Roseline,Wiener,Roseline.Wiener@yopmail.com,female,Iraq,worker
919,Ada,Johanna,Ada.Johanna@yopmail.com,female,Nauru,doctor
920,Fanny,Wiener,Fanny.Wiener@yopmail.com,male,Kyrgyzstan,firefighter
921,Estell,Read,Estell.Read@yopmail.com,female,Mali,doctor
922,Sean,Riordan,Sean.Riordan@yopmail.com,female,Kuwait,worker
923,Sheelagh,Couture,Sheelagh.Couture@yopmail.com,male,Malta,doctor
924,Thalia,Maples,Thalia.Maples@yopmail.com,female,Zambia,developer
925,Britte,Myrilla,Britte.Myrilla@yopmail.com,male,"Korea, Republic of",police officer
926,Lynnea,Blase,Lynnea.Blase@yopmail.com,male,Mexico,doctor
927,Ottilie,Eckblad,Ottilie.Eckblad@yopmail.com,female,Norfolk Island,police officer
928,Gwenneth,Doig,Gwenneth.Doig@yopmail.com,female,Christmas Island,developer
929,Melisent,Dulciana,Melisent.Dulciana@yopmail.com,male,Latvia,developer
930,Xylina,Pearse,Xylina.Pearse@yopmail.com,female,Tokelau,developer
931,Magdalena,Faro,Magdalena.Faro@yopmail.com,male,San Marino,police officer
932,Shaylyn,Rebecka,Shaylyn.Rebecka@yopmail.com,female,Austria,doctor
933,Gilligan,Karylin,Gilligan.Karylin@yopmail.com,male,Tokelau,developer
934,Arabel,Papageno,Arabel.Papageno@yopmail.com,female,Greece,developer
935,Bernie,Sandye,Bernie.Sandye@yopmail.com,male,Tajikistan,firefighter
936,Pierette,Alejoa,Pierette.Alejoa@yopmail.com,male,Burkina Faso,police officer
937,Regina,Dowski,Regina.Dowski@yopmail.com,female,Namibia,developer
938,Randa,Bollay,Randa.Bollay@yopmail.com,female,Jordan,developer
939,Ericka,Sekofski,Ericka.Sekofski@yopmail.com,female,Botswana,police officer
940,Pearline,Rogerio,Pearline.Rogerio@yopmail.com,male,Denmark,police officer
941,Danny,Reinke,Danny.Reinke@yopmail.com,male,Maldives,firefighter
942,Alameda,Solitta,Alameda.Solitta@yopmail.com,female,Ethiopia,worker
943,Modestia,Colyer,Modestia.Colyer@yopmail.com,female,Honduras,worker
944,Ashlee,Chobot,Ashlee.Chobot@yopmail.com,female,"Virgin Islands, British",doctor
945,Aurelie,Wilona,Aurelie.Wilona@yopmail.com,female,Turkey,developer
946,Nita,Gaspard,Nita.Gaspard@yopmail.com,female,Puerto Rico,worker
947,Abbie,Wandie,Abbie.Wandie@yopmail.com,female,Martinique,developer
948,Christal,Engdahl,Christal.Engdahl@yopmail.com,female,El Salvador,worker
949,Kalina,Alfons,Kalina.Alfons@yopmail.com,female,Senegal,doctor
950,Ezmeralda,Edvard,Ezmeralda.Edvard@yopmail.com,female,Sierra Leone,doctor
951,Arlena,Philipp,Arlena.Philipp@yopmail.com,male,Algeria,police officer
952,Ezmeralda,Fennessy,Ezmeralda.Fennessy@yopmail.com,female,Anguilla,police officer
953,Carly,Whiffen,Carly.Whiffen@yopmail.com,female,Costa Rica,doctor
954,Florencia,Angelis,Florencia.Angelis@yopmail.com,female,New Zealand,worker
955,Harmonia,Roxanna,Harmonia.Roxanna@yopmail.com,male,Zimbabwe,doctor
956,Jany,Fink,Jany.Fink@yopmail.com,male,Cambodia,developer
957,Rosanne,Koehler,Rosanne.Koehler@yopmail.com,male,Cocos (Keeling) Islands,worker
958,Joceline,Dorine,Joceline.Dorine@yopmail.com,male,Madagascar,doctor
959,Rosabelle,Longfellow,Rosabelle.Longfellow@yopmail.com,male,Grenada,firefighter
960,Charlena,Roche,Charlena.Roche@yopmail.com,male,"Korea, Republic of",worker
961,Cristabel,Henrie,Cristabel.Henrie@yopmail.com,male,Tunisia,developer
962,Vinita,Miru,Vinita.Miru@yopmail.com,male,Ecuador,firefighter
963,Annabela,Nance,Annabela.Nance@yopmail.com,male,Wallis and Futuna,firefighter
964,Wynne,Sprage,Wynne.Sprage@yopmail.com,female,Cuba,firefighter
965,Antonietta,Graig,Antonietta.Graig@yopmail.com,female,Yemen,doctor
966,Marleah,Annice,Marleah.Annice@yopmail.com,male,Argentina,doctor
967,Judy,Birdella,Judy.Birdella@yopmail.com,female,Qatar,doctor
968,Libbie,Johnsson,Libbie.Johnsson@yopmail.com,male,Greece,worker
969,Loree,Robertson,Loree.Robertson@yopmail.com,male,Albania,worker
970,Reeba,Henrie,Reeba.Henrie@yopmail.com,female,Jersey,worker
971,Daphne,Baudin,Daphne.Baudin@yopmail.com,female,Russian Federation,firefighter
972,Carlie,Franza,Carlie.Franza@yopmail.com,male,Eritrea,doctor
973,Lyssa,Tjon,Lyssa.Tjon@yopmail.com,male,Estonia,doctor
974,Deane,Duwalt,Deane.Duwalt@yopmail.com,male,Bahamas,doctor
975,Britte,Yuille,Britte.Yuille@yopmail.com,female,Lebanon,doctor
976,Katleen,Jammal,Katleen.Jammal@yopmail.com,female,Denmark,police officer
977,Lyssa,Xerxes,Lyssa.Xerxes@yopmail.com,female,Norway,worker
978,Blondelle,Jerold,Blondelle.Jerold@yopmail.com,male,New Zealand,firefighter
979,Marline,Bryna,Marline.Bryna@yopmail.com,male,Sierra Leone,police officer
980,Felice,Ferrell,Felice.Ferrell@yopmail.com,male,Western Sahara,developer
981,Dianemarie,Birdella,Dianemarie.Birdella@yopmail.com,male,Algeria,firefighter
982,Ketti,Lowry,Ketti.Lowry@yopmail.com,male,RWANDA,doctor
983,Alyssa,Bollay,Alyssa.Bollay@yopmail.com,male,Czech Republic,developer
984,Sidoney,Boehike,Sidoney.Boehike@yopmail.com,male,Algeria,developer
985,Catharine,Darrell,Catharine.Darrell@yopmail.com,male,Falkland Islands (Malvinas),police officer
986,Donetta,Boycey,Donetta.Boycey@yopmail.com,female,Sierra Leone,worker
987,Edee,Anis,Edee.Anis@yopmail.com,male,Grenada,worker
988,Celene,Buffum,Celene.Buffum@yopmail.com,male,Japan,firefighter
989,Goldie,Septima,Goldie.Septima@yopmail.com,male,Aruba,police officer
990,Janeczka,Lunsford,Janeczka.Lunsford@yopmail.com,male,Pitcairn,worker
991,Heida,Velick,Heida.Velick@yopmail.com,male,Bangladesh,firefighter
992,Elbertina,Hertzfeld,Elbertina.Hertzfeld@yopmail.com,female,Haiti,worker
993,Brynna,Bonucci,Brynna.Bonucci@yopmail.com,female,Tuvalu,police officer
994,Eve,Guthrie,Eve.Guthrie@yopmail.com,female,Bolivia,developer
995,Dolli,Ilka,Dolli.Ilka@yopmail.com,female,Tunisia,firefighter
996,Hayley,Albertine,Hayley.Albertine@yopmail.com,male,Tuvalu,worker
997,Fayre,Borrell,Fayre.Borrell@yopmail.com,male,Montserrat,worker
998,Dorene,Zetta,Dorene.Zetta@yopmail.com,male,Sudan,worker
999,Vere,Phyllis,Vere.Phyllis@yopmail.com,male,Kyrgyzstan,worker
1000,Amalie,Harday,Amalie.Harday@yopmail.com,male,Nigeria,worker